<?xml version="1.0" encoding="UTF-8"?>
<schemalist>
  <schema id="com.servebeer.gamed.path-monitor@kamikaze" path="/com/servebeer/gamed/path-monitor@kamikaze/">
    <key type="s" name="watchedpath">
      <default>''</default>
      <summary>Monitored Path</summary>
      <description>This is the path the applet will watch for any new contents. It will display these and allow you to open them with your default launcher.</description>
    </key>
    <key type="s" name="excludeflags">
      <default>''</default>
      <summary>Exclude Flags</summary>
      <description>This is where the switches such as "show hidden files" and "show directories" are stored.</description>
    </key>
    <key type="s" name="excludepatterns">
      <default>''</default>
      <summary>Exclude Patterns</summary>
      <description>This is where the custom exclude filter field gets stored, using a comma in the pattern is NOT supported.</description>
    </key>
  </schema>
</schemalist>
